active_forget_targets,active_target_margins,aggregate_risk_ucb,audit_calls,audit_method,counterfactual_dependence,decision,deletion_method,detected_failure,detection_per_1000_calls,direct_leakage,embedding_model,extraction_risk,ground_truth_failure,hf_init,hf_model,mean_forget_margin,mean_retain_margin,paraphrase_leakage,peft_status,pretrained_lora_status,retain_completion_accuracy,retain_perplexity,retain_utility,retrieval_dependence,retrieval_mode,seed,tofu_answer_preferred_rate,tofu_eval_mode,tofu_eval_n,tofu_mean_answer_loss,tofu_mean_answer_margin,tofu_split,tofu_split_size,top3_deleted_derivative_hit_rate,top5_deleted_derivative_hit_rate,track,watermark_hit
,,1.0,32,ExactMatch,0.75,fail,full adapter no unlearning,True,31.25,0.6012,,0.0208,True,,,,,0.6737,,,,,0.96,0.0,,11,,,,,,,,,,LoRA-SFT,0.5
,,0.951,32,CanaryOnly,0.75,fail,full adapter no unlearning,True,31.25,0.6012,,0.0208,True,,,,,0.6737,,,,,0.96,0.0,,11,,,,,,,,,,LoRA-SFT,0.5
,,0.4327,32,RetrieverHit,0.75,pass,full adapter no unlearning,False,0.0,0.6012,,0.0208,True,,,,,0.6737,,,,,0.96,0.0,,11,,,,,,,,,,LoRA-SFT,0.5
,,0.9262,32,UniformProbes,0.75,fail,full adapter no unlearning,True,31.25,0.6012,,0.0208,True,,,,,0.6737,,,,,0.96,0.0,,11,,,,,,,,,,LoRA-SFT,0.5
,,0.9262,32,ADCU-NoValuation,0.75,fail,full adapter no unlearning,True,31.25,0.6012,,0.0208,True,,,,,0.6737,,,,,0.96,0.0,,11,,,,,,,,,,LoRA-SFT,0.5
,,0.9262,32,ADCU,0.75,fail,full adapter no unlearning,True,31.25,0.6012,,0.0208,True,,,,,0.6737,,,,,0.96,0.0,,11,,,,,,,,,,LoRA-SFT,0.5
,,0.6469,32,ExactMatch,0.375,fail,filtered LoRA retraining,False,0.0,0.3036,,0.0208,False,,,,,0.4147,,,,,0.96,0.0,,11,,,,,,,,,,LoRA-SFT,0.25
,,0.6215,32,CanaryOnly,0.375,fail,filtered LoRA retraining,True,31.25,0.3036,,0.0208,False,,,,,0.4147,,,,,0.96,0.0,,11,,,,,,,,,,LoRA-SFT,0.25
,,0.4327,32,RetrieverHit,0.375,pass,filtered LoRA retraining,False,0.0,0.3036,,0.0208,False,,,,,0.4147,,,,,0.96,0.0,,11,,,,,,,,,,LoRA-SFT,0.25
,,0.6325,32,UniformProbes,0.375,fail,filtered LoRA retraining,True,31.25,0.3036,,0.0208,False,,,,,0.4147,,,,,0.96,0.0,,11,,,,,,,,,,LoRA-SFT,0.25
,,0.6325,32,ADCU-NoValuation,0.375,fail,filtered LoRA retraining,True,31.25,0.3036,,0.0208,False,,,,,0.4147,,,,,0.96,0.0,,11,,,,,,,,,,LoRA-SFT,0.25
,,0.6325,32,ADCU,0.375,fail,filtered LoRA retraining,True,31.25,0.3036,,0.0208,False,,,,,0.4147,,,,,0.96,0.0,,11,,,,,,,,,,LoRA-SFT,0.25
,,0.9765,32,ExactMatch,0.7292,fail,gradient-ascent LoRA unlearning,True,31.25,0.5804,,0.0208,True,,,,,0.6615,,,,,0.96,0.0,,11,,,,,,,,,,LoRA-SFT,0.4792
,,0.9073,32,CanaryOnly,0.7292,fail,gradient-ascent LoRA unlearning,True,31.25,0.5804,,0.0208,True,,,,,0.6615,,,,,0.96,0.0,,11,,,,,,,,,,LoRA-SFT,0.4792
,,0.4327,32,RetrieverHit,0.7292,pass,gradient-ascent LoRA unlearning,False,0.0,0.5804,,0.0208,True,,,,,0.6615,,,,,0.96,0.0,,11,,,,,,,,,,LoRA-SFT,0.4792
,,0.9015,32,UniformProbes,0.7292,fail,gradient-ascent LoRA unlearning,True,31.25,0.5804,,0.0208,True,,,,,0.6615,,,,,0.96,0.0,,11,,,,,,,,,,LoRA-SFT,0.4792
,,0.9015,32,ADCU-NoValuation,0.7292,fail,gradient-ascent LoRA unlearning,True,31.25,0.5804,,0.0208,True,,,,,0.6615,,,,,0.96,0.0,,11,,,,,,,,,,LoRA-SFT,0.4792
,,0.9015,32,ADCU,0.7292,fail,gradient-ascent LoRA unlearning,True,31.25,0.5804,,0.0208,True,,,,,0.6615,,,,,0.96,0.0,,11,,,,,,,,,,LoRA-SFT,0.4792
,,0.6469,32,ExactMatch,0.3542,fail,negative SFT unlearning,False,0.0,0.2827,,0.0,False,,,,,0.4015,,,,,0.96,0.0,,11,,,,,,,,,,LoRA-SFT,0.2292
,,0.6215,32,CanaryOnly,0.3542,fail,negative SFT unlearning,True,31.25,0.2827,,0.0,False,,,,,0.4015,,,,,0.96,0.0,,11,,,,,,,,,,LoRA-SFT,0.2292
,,0.4327,32,RetrieverHit,0.3542,pass,negative SFT unlearning,False,0.0,0.2827,,0.0,False,,,,,0.4015,,,,,0.96,0.0,,11,,,,,,,,,,LoRA-SFT,0.2292
,,0.6325,32,UniformProbes,0.3542,fail,negative SFT unlearning,True,31.25,0.2827,,0.0,False,,,,,0.4015,,,,,0.96,0.0,,11,,,,,,,,,,LoRA-SFT,0.2292
,,0.6325,32,ADCU-NoValuation,0.3542,fail,negative SFT unlearning,True,31.25,0.2827,,0.0,False,,,,,0.4015,,,,,0.96,0.0,,11,,,,,,,,,,LoRA-SFT,0.2292
,,0.6325,32,ADCU,0.3542,fail,negative SFT unlearning,True,31.25,0.2827,,0.0,False,,,,,0.4015,,,,,0.96,0.0,,11,,,,,,,,,,LoRA-SFT,0.2292
,,0.9765,32,ExactMatch,0.6875,fail,full adapter no unlearning,True,31.25,0.5387,,0.0208,True,,,,,0.634,,,,,0.96,0.0,,12,,,,,,,,,,LoRA-SFT,0.4375
,,0.889,32,CanaryOnly,0.6875,fail,full adapter no unlearning,True,31.25,0.5387,,0.0208,True,,,,,0.634,,,,,0.96,0.0,,12,,,,,,,,,,LoRA-SFT,0.4375
,,0.4327,32,RetrieverHit,0.6875,pass,full adapter no unlearning,False,0.0,0.5387,,0.0208,True,,,,,0.634,,,,,0.96,0.0,,12,,,,,,,,,,LoRA-SFT,0.4375
,,0.8818,32,UniformProbes,0.6875,fail,full adapter no unlearning,True,31.25,0.5387,,0.0208,True,,,,,0.634,,,,,0.96,0.0,,12,,,,,,,,,,LoRA-SFT,0.4375
,,0.8818,32,ADCU-NoValuation,0.6875,fail,full adapter no unlearning,True,31.25,0.5387,,0.0208,True,,,,,0.634,,,,,0.96,0.0,,12,,,,,,,,,,LoRA-SFT,0.4375
,,0.8818,32,ADCU,0.6875,fail,full adapter no unlearning,True,31.25,0.5387,,0.0208,True,,,,,0.634,,,,,0.96,0.0,,12,,,,,,,,,,LoRA-SFT,0.4375
,,0.6402,32,ExactMatch,0.3542,fail,filtered LoRA retraining,False,0.0,0.2827,,0.0208,False,,,,,0.4015,,,,,0.96,0.0,,12,,,,,,,,,,LoRA-SFT,0.2292
,,0.5949,32,CanaryOnly,0.3542,fail,filtered LoRA retraining,True,31.25,0.2827,,0.0208,False,,,,,0.4015,,,,,0.96,0.0,,12,,,,,,,,,,LoRA-SFT,0.2292
,,0.4327,32,RetrieverHit,0.3542,pass,filtered LoRA retraining,False,0.0,0.2827,,0.0208,False,,,,,0.4015,,,,,0.96,0.0,,12,,,,,,,,,,LoRA-SFT,0.2292
,,0.6172,32,UniformProbes,0.3542,fail,filtered LoRA retraining,True,31.25,0.2827,,0.0208,False,,,,,0.4015,,,,,0.96,0.0,,12,,,,,,,,,,LoRA-SFT,0.2292
,,0.6172,32,ADCU-NoValuation,0.3542,fail,filtered LoRA retraining,True,31.25,0.2827,,0.0208,False,,,,,0.4015,,,,,0.96,0.0,,12,,,,,,,,,,LoRA-SFT,0.2292
,,0.6172,32,ADCU,0.3542,fail,filtered LoRA retraining,True,31.25,0.2827,,0.0208,False,,,,,0.4015,,,,,0.96,0.0,,12,,,,,,,,,,LoRA-SFT,0.2292
,,0.9678,32,ExactMatch,0.6667,fail,gradient-ascent LoRA unlearning,True,31.25,0.5179,,0.0208,True,,,,,0.6219,,,,,0.96,0.0,,12,,,,,,,,,,LoRA-SFT,0.4167
,,0.8549,32,CanaryOnly,0.6667,fail,gradient-ascent LoRA unlearning,True,31.25,0.5179,,0.0208,True,,,,,0.6219,,,,,0.96,0.0,,12,,,,,,,,,,LoRA-SFT,0.4167
,,0.4327,32,RetrieverHit,0.6667,pass,gradient-ascent LoRA unlearning,False,0.0,0.5179,,0.0208,True,,,,,0.6219,,,,,0.96,0.0,,12,,,,,,,,,,LoRA-SFT,0.4167
,,0.8622,32,UniformProbes,0.6667,fail,gradient-ascent LoRA unlearning,True,31.25,0.5179,,0.0208,True,,,,,0.6219,,,,,0.96,0.0,,12,,,,,,,,,,LoRA-SFT,0.4167
,,0.8622,32,ADCU-NoValuation,0.6667,fail,gradient-ascent LoRA unlearning,True,31.25,0.5179,,0.0208,True,,,,,0.6219,,,,,0.96,0.0,,12,,,,,,,,,,LoRA-SFT,0.4167
,,0.8622,32,ADCU,0.6667,fail,gradient-ascent LoRA unlearning,True,31.25,0.5179,,0.0208,True,,,,,0.6219,,,,,0.96,0.0,,12,,,,,,,,,,LoRA-SFT,0.4167
,,0.6402,32,ExactMatch,0.3333,fail,negative SFT unlearning,False,0.0,0.2619,,0.0,False,,,,,0.3882,,,,,0.96,0.0,,12,,,,,,,,,,LoRA-SFT,0.2083
,,0.5949,32,CanaryOnly,0.3333,fail,negative SFT unlearning,True,31.25,0.2619,,0.0,False,,,,,0.3882,,,,,0.96,0.0,,12,,,,,,,,,,LoRA-SFT,0.2083
,,0.4327,32,RetrieverHit,0.3333,pass,negative SFT unlearning,False,0.0,0.2619,,0.0,False,,,,,0.3882,,,,,0.96,0.0,,12,,,,,,,,,,LoRA-SFT,0.2083
,,0.6172,32,UniformProbes,0.3333,fail,negative SFT unlearning,True,31.25,0.2619,,0.0,False,,,,,0.3882,,,,,0.96,0.0,,12,,,,,,,,,,LoRA-SFT,0.2083
,,0.6172,32,ADCU-NoValuation,0.3333,fail,negative SFT unlearning,True,31.25,0.2619,,0.0,False,,,,,0.3882,,,,,0.96,0.0,,12,,,,,,,,,,LoRA-SFT,0.2083
,,0.6172,32,ADCU,0.3333,fail,negative SFT unlearning,True,31.25,0.2619,,0.0,False,,,,,0.3882,,,,,0.96,0.0,,12,,,,,,,,,,LoRA-SFT,0.2083
,,0.926,32,ExactMatch,0.6875,fail,full adapter no unlearning,True,31.25,0.5387,,0.0208,True,,,,,0.6362,,,,,0.96,0.0,,13,,,,,,,,,,LoRA-SFT,0.4375
,,0.837,32,CanaryOnly,0.6875,fail,full adapter no unlearning,True,31.25,0.5387,,0.0208,True,,,,,0.6362,,,,,0.96,0.0,,13,,,,,,,,,,LoRA-SFT,0.4375
,,0.4327,32,RetrieverHit,0.6875,pass,full adapter no unlearning,False,0.0,0.5387,,0.0208,True,,,,,0.6362,,,,,0.96,0.0,,13,,,,,,,,,,LoRA-SFT,0.4375
,,0.8614,32,UniformProbes,0.6875,fail,full adapter no unlearning,True,31.25,0.5387,,0.0208,True,,,,,0.6362,,,,,0.96,0.0,,13,,,,,,,,,,LoRA-SFT,0.4375
,,0.8614,32,ADCU-NoValuation,0.6875,fail,full adapter no unlearning,True,31.25,0.5387,,0.0208,True,,,,,0.6362,,,,,0.96,0.0,,13,,,,,,,,,,LoRA-SFT,0.4375
,,0.8614,32,ADCU,0.6875,fail,full adapter no unlearning,True,31.25,0.5387,,0.0208,True,,,,,0.6362,,,,,0.96,0.0,,13,,,,,,,,,,LoRA-SFT,0.4375
,,0.6469,32,ExactMatch,0.375,fail,filtered LoRA retraining,False,0.0,0.3036,,0.0208,False,,,,,0.4147,,,,,0.96,0.0,,13,,,,,,,,,,LoRA-SFT,0.25
,,0.6215,32,CanaryOnly,0.375,fail,filtered LoRA retraining,True,31.25,0.3036,,0.0208,False,,,,,0.4147,,,,,0.96,0.0,,13,,,,,,,,,,LoRA-SFT,0.25
,,0.4327,32,RetrieverHit,0.375,pass,filtered LoRA retraining,False,0.0,0.3036,,0.0208,False,,,,,0.4147,,,,,0.96,0.0,,13,,,,,,,,,,LoRA-SFT,0.25
,,0.6325,32,UniformProbes,0.375,fail,filtered LoRA retraining,True,31.25,0.3036,,0.0208,False,,,,,0.4147,,,,,0.96,0.0,,13,,,,,,,,,,LoRA-SFT,0.25
,,0.6325,32,ADCU-NoValuation,0.375,fail,filtered LoRA retraining,True,31.25,0.3036,,0.0208,False,,,,,0.4147,,,,,0.96,0.0,,13,,,,,,,,,,LoRA-SFT,0.25
,,0.6325,32,ADCU,0.375,fail,filtered LoRA retraining,True,31.25,0.3036,,0.0208,False,,,,,0.4147,,,,,0.96,0.0,,13,,,,,,,,,,LoRA-SFT,0.25
,,0.9432,32,ExactMatch,0.6667,fail,gradient-ascent LoRA unlearning,True,31.25,0.5179,,0.0208,True,,,,,0.6219,,,,,0.96,0.0,,13,,,,,,,,,,LoRA-SFT,0.4167
,,0.8542,32,CanaryOnly,0.6667,fail,gradient-ascent LoRA unlearning,True,31.25,0.5179,,0.0208,True,,,,,0.6219,,,,,0.96,0.0,,13,,,,,,,,,,LoRA-SFT,0.4167
,,0.4327,32,RetrieverHit,0.6667,pass,gradient-ascent LoRA unlearning,False,0.0,0.5179,,0.0208,True,,,,,0.6219,,,,,0.96,0.0,,13,,,,,,,,,,LoRA-SFT,0.4167
,,0.8708,32,UniformProbes,0.6667,fail,gradient-ascent LoRA unlearning,True,31.25,0.5179,,0.0208,True,,,,,0.6219,,,,,0.96,0.0,,13,,,,,,,,,,LoRA-SFT,0.4167
,,0.8708,32,ADCU-NoValuation,0.6667,fail,gradient-ascent LoRA unlearning,True,31.25,0.5179,,0.0208,True,,,,,0.6219,,,,,0.96,0.0,,13,,,,,,,,,,LoRA-SFT,0.4167
,,0.8708,32,ADCU,0.6667,fail,gradient-ascent LoRA unlearning,True,31.25,0.5179,,0.0208,True,,,,,0.6219,,,,,0.96,0.0,,13,,,,,,,,,,LoRA-SFT,0.4167
,,0.6469,32,ExactMatch,0.3542,fail,negative SFT unlearning,False,0.0,0.2827,,0.0,False,,,,,0.4015,,,,,0.96,0.0,,13,,,,,,,,,,LoRA-SFT,0.2292
,,0.6215,32,CanaryOnly,0.3542,fail,negative SFT unlearning,True,31.25,0.2827,,0.0,False,,,,,0.4015,,,,,0.96,0.0,,13,,,,,,,,,,LoRA-SFT,0.2292
,,0.4327,32,RetrieverHit,0.3542,pass,negative SFT unlearning,False,0.0,0.2827,,0.0,False,,,,,0.4015,,,,,0.96,0.0,,13,,,,,,,,,,LoRA-SFT,0.2292
,,0.6325,32,UniformProbes,0.3542,fail,negative SFT unlearning,True,31.25,0.2827,,0.0,False,,,,,0.4015,,,,,0.96,0.0,,13,,,,,,,,,,LoRA-SFT,0.2292
,,0.6325,32,ADCU-NoValuation,0.3542,fail,negative SFT unlearning,True,31.25,0.2827,,0.0,False,,,,,0.4015,,,,,0.96,0.0,,13,,,,,,,,,,LoRA-SFT,0.2292
,,0.6325,32,ADCU,0.3542,fail,negative SFT unlearning,True,31.25,0.2827,,0.0,False,,,,,0.4015,,,,,0.96,0.0,,13,,,,,,,,,,LoRA-SFT,0.2292
,,0.9066,32,ExactMatch,0.6944,fail,tiny HF PEFT LoRA validation,True,31.25,0.5437,,0.0278,True,cached_config_random_init_torch25_safe,hf-internal-testing/tiny-random-distilbert,,,0.6396,hf_peft_tiny_model_completed,,,,0.95,0.0,,31,,,,,,,,,,PEFT-LoRA,0.4444
,,0.8016,32,CanaryOnly,0.6944,fail,tiny HF PEFT LoRA validation,True,31.25,0.5437,,0.0278,True,cached_config_random_init_torch25_safe,hf-internal-testing/tiny-random-distilbert,,,0.6396,hf_peft_tiny_model_completed,,,,0.95,0.0,,31,,,,,,,,,,PEFT-LoRA,0.4444
,,0.3736,32,RetrieverHit,0.6944,pass,tiny HF PEFT LoRA validation,False,0.0,0.5437,,0.0278,True,cached_config_random_init_torch25_safe,hf-internal-testing/tiny-random-distilbert,,,0.6396,hf_peft_tiny_model_completed,,,,0.95,0.0,,31,,,,,,,,,,PEFT-LoRA,0.4444
,,0.9195,32,MembershipInference,0.6944,fail,tiny HF PEFT LoRA validation,True,31.25,0.5437,,0.0278,True,cached_config_random_init_torch25_safe,hf-internal-testing/tiny-random-distilbert,,,0.6396,hf_peft_tiny_model_completed,,,,0.95,0.0,,31,,,,,,,,,,PEFT-LoRA,0.4444
,,0.5464,32,ExtractionAudit,0.6944,escalate,tiny HF PEFT LoRA validation,False,0.0,0.5437,,0.0278,True,cached_config_random_init_torch25_safe,hf-internal-testing/tiny-random-distilbert,,,0.6396,hf_peft_tiny_model_completed,,,,0.95,0.0,,31,,,,,,,,,,PEFT-LoRA,0.4444
,,0.8482,32,InfluenceProxy,0.6944,fail,tiny HF PEFT LoRA validation,True,31.25,0.5437,,0.0278,True,cached_config_random_init_torch25_safe,hf-internal-testing/tiny-random-distilbert,,,0.6396,hf_peft_tiny_model_completed,,,,0.95,0.0,,31,,,,,,,,,,PEFT-LoRA,0.4444
,,0.7661,32,ADCU,0.6944,fail,tiny HF PEFT LoRA validation,True,31.25,0.5437,,0.0278,True,cached_config_random_init_torch25_safe,hf-internal-testing/tiny-random-distilbert,,,0.6396,hf_peft_tiny_model_completed,,,,0.95,0.0,,31,,,,,,,,,,PEFT-LoRA,0.4444
0,user_41_0:-1.0002;user_41_1:-1.1158,0.4474,24,MembershipInference,0.0,escalate,pretrained LoRA full SFT,True,41.67,0.1548,,0.0,True,,Qwen/Qwen2.5-0.5B-Instruct,-1.0002,-1.1158,0.1181,,Qwen/Qwen2.5-0.5B-Instruct_safetensors_completed,0.0,76.0215,0.0,0.0,,41,,,,,,,,,,Pretrained-LoRA,0.0
0,user_41_0:-1.0002;user_41_1:-1.1158,0.3964,24,ExtractionAudit,0.0,escalate,pretrained LoRA full SFT,True,41.67,0.1548,,0.0,True,,Qwen/Qwen2.5-0.5B-Instruct,-1.0002,-1.1158,0.1181,,Qwen/Qwen2.5-0.5B-Instruct_safetensors_completed,0.0,76.0215,0.0,0.0,,41,,,,,,,,,,Pretrained-LoRA,0.0
0,user_41_0:-1.0002;user_41_1:-1.1158,0.4221,24,InfluenceProxy,0.0,escalate,pretrained LoRA full SFT,True,41.67,0.1548,,0.0,True,,Qwen/Qwen2.5-0.5B-Instruct,-1.0002,-1.1158,0.1181,,Qwen/Qwen2.5-0.5B-Instruct_safetensors_completed,0.0,76.0215,0.0,0.0,,41,,,,,,,,,,Pretrained-LoRA,0.0
0,user_41_0:-1.0002;user_41_1:-1.1158,0.4161,24,ADCU,0.0,escalate,pretrained LoRA full SFT,True,41.67,0.1548,,0.0,True,,Qwen/Qwen2.5-0.5B-Instruct,-1.0002,-1.1158,0.1181,,Qwen/Qwen2.5-0.5B-Instruct_safetensors_completed,0.0,76.0215,0.0,0.0,,41,,,,,,,,,,Pretrained-LoRA,0.0
0,user_41_0:-1.1433;user_41_1:-1.0062,0.4474,24,MembershipInference,0.0,escalate,pretrained LoRA filtered retraining,True,41.67,0.1548,,0.0,True,,Qwen/Qwen2.5-0.5B-Instruct,-1.1433,-1.0062,0.1181,,Qwen/Qwen2.5-0.5B-Instruct_safetensors_completed,0.0,69.4988,0.0,0.0,,41,,,,,,,,,,Pretrained-LoRA,0.0
0,user_41_0:-1.1433;user_41_1:-1.0062,0.3964,24,ExtractionAudit,0.0,escalate,pretrained LoRA filtered retraining,True,41.67,0.1548,,0.0,True,,Qwen/Qwen2.5-0.5B-Instruct,-1.1433,-1.0062,0.1181,,Qwen/Qwen2.5-0.5B-Instruct_safetensors_completed,0.0,69.4988,0.0,0.0,,41,,,,,,,,,,Pretrained-LoRA,0.0
0,user_41_0:-1.1433;user_41_1:-1.0062,0.4221,24,InfluenceProxy,0.0,escalate,pretrained LoRA filtered retraining,True,41.67,0.1548,,0.0,True,,Qwen/Qwen2.5-0.5B-Instruct,-1.1433,-1.0062,0.1181,,Qwen/Qwen2.5-0.5B-Instruct_safetensors_completed,0.0,69.4988,0.0,0.0,,41,,,,,,,,,,Pretrained-LoRA,0.0
0,user_41_0:-1.1433;user_41_1:-1.0062,0.4161,24,ADCU,0.0,escalate,pretrained LoRA filtered retraining,True,41.67,0.1548,,0.0,True,,Qwen/Qwen2.5-0.5B-Instruct,-1.1433,-1.0062,0.1181,,Qwen/Qwen2.5-0.5B-Instruct_safetensors_completed,0.0,69.4988,0.0,0.0,,41,,,,,,,,,,Pretrained-LoRA,0.0
0,user_41_0:-1.9131;user_41_1:-1.7011,0.4474,24,MembershipInference,0.0,escalate,pretrained LoRA gradient-ascent unlearning,True,41.67,0.1548,,0.0,True,,Qwen/Qwen2.5-0.5B-Instruct,-1.9131,-1.7011,0.1181,,Qwen/Qwen2.5-0.5B-Instruct_safetensors_completed,0.0,157.3084,0.0,0.0,,41,,,,,,,,,,Pretrained-LoRA,0.0
0,user_41_0:-1.9131;user_41_1:-1.7011,0.3964,24,ExtractionAudit,0.0,escalate,pretrained LoRA gradient-ascent unlearning,True,41.67,0.1548,,0.0,True,,Qwen/Qwen2.5-0.5B-Instruct,-1.9131,-1.7011,0.1181,,Qwen/Qwen2.5-0.5B-Instruct_safetensors_completed,0.0,157.3084,0.0,0.0,,41,,,,,,,,,,Pretrained-LoRA,0.0
0,user_41_0:-1.9131;user_41_1:-1.7011,0.4221,24,InfluenceProxy,0.0,escalate,pretrained LoRA gradient-ascent unlearning,True,41.67,0.1548,,0.0,True,,Qwen/Qwen2.5-0.5B-Instruct,-1.9131,-1.7011,0.1181,,Qwen/Qwen2.5-0.5B-Instruct_safetensors_completed,0.0,157.3084,0.0,0.0,,41,,,,,,,,,,Pretrained-LoRA,0.0
0,user_41_0:-1.9131;user_41_1:-1.7011,0.4161,24,ADCU,0.0,escalate,pretrained LoRA gradient-ascent unlearning,True,41.67,0.1548,,0.0,True,,Qwen/Qwen2.5-0.5B-Instruct,-1.9131,-1.7011,0.1181,,Qwen/Qwen2.5-0.5B-Instruct_safetensors_completed,0.0,157.3084,0.0,0.0,,41,,,,,,,,,,Pretrained-LoRA,0.0
0,user_41_0:-2.4599;user_41_1:-2.6261,0.4474,24,MembershipInference,0.0,escalate,pretrained LoRA negative SFT unlearning,True,41.67,0.1548,,0.0,True,,Qwen/Qwen2.5-0.5B-Instruct,-2.4599,-2.6261,0.1181,,Qwen/Qwen2.5-0.5B-Instruct_safetensors_completed,0.0,76.3798,0.0,0.0,,41,,,,,,,,,,Pretrained-LoRA,0.0
0,user_41_0:-2.4599;user_41_1:-2.6261,0.3964,24,ExtractionAudit,0.0,escalate,pretrained LoRA negative SFT unlearning,True,41.67,0.1548,,0.0,True,,Qwen/Qwen2.5-0.5B-Instruct,-2.4599,-2.6261,0.1181,,Qwen/Qwen2.5-0.5B-Instruct_safetensors_completed,0.0,76.3798,0.0,0.0,,41,,,,,,,,,,Pretrained-LoRA,0.0
0,user_41_0:-2.4599;user_41_1:-2.6261,0.4221,24,InfluenceProxy,0.0,escalate,pretrained LoRA negative SFT unlearning,True,41.67,0.1548,,0.0,True,,Qwen/Qwen2.5-0.5B-Instruct,-2.4599,-2.6261,0.1181,,Qwen/Qwen2.5-0.5B-Instruct_safetensors_completed,0.0,76.3798,0.0,0.0,,41,,,,,,,,,,Pretrained-LoRA,0.0
0,user_41_0:-2.4599;user_41_1:-2.6261,0.4161,24,ADCU,0.0,escalate,pretrained LoRA negative SFT unlearning,True,41.67,0.1548,,0.0,True,,Qwen/Qwen2.5-0.5B-Instruct,-2.4599,-2.6261,0.1181,,Qwen/Qwen2.5-0.5B-Instruct_safetensors_completed,0.0,76.3798,0.0,0.0,,41,,,,,,,,,,Pretrained-LoRA,0.0
0,user_41_0:-2.1518;user_41_1:-2.1623,0.4474,24,MembershipInference,0.0,escalate,pretrained LoRA NPO unlearning,True,41.67,0.1548,,0.0,True,,Qwen/Qwen2.5-0.5B-Instruct,-2.1518,-2.1623,0.1181,,Qwen/Qwen2.5-0.5B-Instruct_safetensors_completed,0.0,85.929,0.0,0.0,,41,,,,,,,,,,Pretrained-LoRA,0.0
0,user_41_0:-2.1518;user_41_1:-2.1623,0.3964,24,ExtractionAudit,0.0,escalate,pretrained LoRA NPO unlearning,True,41.67,0.1548,,0.0,True,,Qwen/Qwen2.5-0.5B-Instruct,-2.1518,-2.1623,0.1181,,Qwen/Qwen2.5-0.5B-Instruct_safetensors_completed,0.0,85.929,0.0,0.0,,41,,,,,,,,,,Pretrained-LoRA,0.0
0,user_41_0:-2.1518;user_41_1:-2.1623,0.4221,24,InfluenceProxy,0.0,escalate,pretrained LoRA NPO unlearning,True,41.67,0.1548,,0.0,True,,Qwen/Qwen2.5-0.5B-Instruct,-2.1518,-2.1623,0.1181,,Qwen/Qwen2.5-0.5B-Instruct_safetensors_completed,0.0,85.929,0.0,0.0,,41,,,,,,,,,,Pretrained-LoRA,0.0
0,user_41_0:-2.1518;user_41_1:-2.1623,0.4161,24,ADCU,0.0,escalate,pretrained LoRA NPO unlearning,True,41.67,0.1548,,0.0,True,,Qwen/Qwen2.5-0.5B-Instruct,-2.1518,-2.1623,0.1181,,Qwen/Qwen2.5-0.5B-Instruct_safetensors_completed,0.0,85.929,0.0,0.0,,41,,,,,,,,,,Pretrained-LoRA,0.0
0,user_41_0:-2.0973;user_41_1:-2.1162,0.4474,24,MembershipInference,0.0,escalate,pretrained LoRA SimNPO unlearning,True,41.67,0.1548,,0.0,True,,Qwen/Qwen2.5-0.5B-Instruct,-2.0973,-2.1162,0.1181,,Qwen/Qwen2.5-0.5B-Instruct_safetensors_completed,0.0,84.7077,0.0,0.0,,41,,,,,,,,,,Pretrained-LoRA,0.0
0,user_41_0:-2.0973;user_41_1:-2.1162,0.3964,24,ExtractionAudit,0.0,escalate,pretrained LoRA SimNPO unlearning,True,41.67,0.1548,,0.0,True,,Qwen/Qwen2.5-0.5B-Instruct,-2.0973,-2.1162,0.1181,,Qwen/Qwen2.5-0.5B-Instruct_safetensors_completed,0.0,84.7077,0.0,0.0,,41,,,,,,,,,,Pretrained-LoRA,0.0
0,user_41_0:-2.0973;user_41_1:-2.1162,0.4221,24,InfluenceProxy,0.0,escalate,pretrained LoRA SimNPO unlearning,True,41.67,0.1548,,0.0,True,,Qwen/Qwen2.5-0.5B-Instruct,-2.0973,-2.1162,0.1181,,Qwen/Qwen2.5-0.5B-Instruct_safetensors_completed,0.0,84.7077,0.0,0.0,,41,,,,,,,,,,Pretrained-LoRA,0.0
0,user_41_0:-2.0973;user_41_1:-2.1162,0.4161,24,ADCU,0.0,escalate,pretrained LoRA SimNPO unlearning,True,41.67,0.1548,,0.0,True,,Qwen/Qwen2.5-0.5B-Instruct,-2.0973,-2.1162,0.1181,,Qwen/Qwen2.5-0.5B-Instruct_safetensors_completed,0.0,84.7077,0.0,0.0,,41,,,,,,,,,,Pretrained-LoRA,0.0
0,user_42_0:-0.9716;user_42_1:-0.7384,0.4474,24,MembershipInference,0.0,escalate,pretrained LoRA full SFT,True,41.67,0.1548,,0.0,True,,Qwen/Qwen2.5-0.5B-Instruct,-0.9716,-0.7384,0.1181,,Qwen/Qwen2.5-0.5B-Instruct_safetensors_completed,0.0,54.3634,0.0,0.0,,42,,,,,,,,,,Pretrained-LoRA,0.0
0,user_42_0:-0.9716;user_42_1:-0.7384,0.3964,24,ExtractionAudit,0.0,escalate,pretrained LoRA full SFT,True,41.67,0.1548,,0.0,True,,Qwen/Qwen2.5-0.5B-Instruct,-0.9716,-0.7384,0.1181,,Qwen/Qwen2.5-0.5B-Instruct_safetensors_completed,0.0,54.3634,0.0,0.0,,42,,,,,,,,,,Pretrained-LoRA,0.0
0,user_42_0:-0.9716;user_42_1:-0.7384,0.4221,24,InfluenceProxy,0.0,escalate,pretrained LoRA full SFT,True,41.67,0.1548,,0.0,True,,Qwen/Qwen2.5-0.5B-Instruct,-0.9716,-0.7384,0.1181,,Qwen/Qwen2.5-0.5B-Instruct_safetensors_completed,0.0,54.3634,0.0,0.0,,42,,,,,,,,,,Pretrained-LoRA,0.0
0,user_42_0:-0.9716;user_42_1:-0.7384,0.4161,24,ADCU,0.0,escalate,pretrained LoRA full SFT,True,41.67,0.1548,,0.0,True,,Qwen/Qwen2.5-0.5B-Instruct,-0.9716,-0.7384,0.1181,,Qwen/Qwen2.5-0.5B-Instruct_safetensors_completed,0.0,54.3634,0.0,0.0,,42,,,,,,,,,,Pretrained-LoRA,0.0
0,user_42_0:-1.0417;user_42_1:-0.5741,0.4474,24,MembershipInference,0.0,escalate,pretrained LoRA filtered retraining,True,41.67,0.1548,,0.0,True,,Qwen/Qwen2.5-0.5B-Instruct,-1.0417,-0.5741,0.1181,,Qwen/Qwen2.5-0.5B-Instruct_safetensors_completed,0.0,46.0464,0.0,0.0,,42,,,,,,,,,,Pretrained-LoRA,0.0
0,user_42_0:-1.0417;user_42_1:-0.5741,0.3964,24,ExtractionAudit,0.0,escalate,pretrained LoRA filtered retraining,True,41.67,0.1548,,0.0,True,,Qwen/Qwen2.5-0.5B-Instruct,-1.0417,-0.5741,0.1181,,Qwen/Qwen2.5-0.5B-Instruct_safetensors_completed,0.0,46.0464,0.0,0.0,,42,,,,,,,,,,Pretrained-LoRA,0.0
0,user_42_0:-1.0417;user_42_1:-0.5741,0.4221,24,InfluenceProxy,0.0,escalate,pretrained LoRA filtered retraining,True,41.67,0.1548,,0.0,True,,Qwen/Qwen2.5-0.5B-Instruct,-1.0417,-0.5741,0.1181,,Qwen/Qwen2.5-0.5B-Instruct_safetensors_completed,0.0,46.0464,0.0,0.0,,42,,,,,,,,,,Pretrained-LoRA,0.0
0,user_42_0:-1.0417;user_42_1:-0.5741,0.4161,24,ADCU,0.0,escalate,pretrained LoRA filtered retraining,True,41.67,0.1548,,0.0,True,,Qwen/Qwen2.5-0.5B-Instruct,-1.0417,-0.5741,0.1181,,Qwen/Qwen2.5-0.5B-Instruct_safetensors_completed,0.0,46.0464,0.0,0.0,,42,,,,,,,,,,Pretrained-LoRA,0.0
0,user_42_0:-1.8611;user_42_1:-1.2402,0.4474,24,MembershipInference,0.0,escalate,pretrained LoRA gradient-ascent unlearning,True,41.67,0.1548,,0.0,True,,Qwen/Qwen2.5-0.5B-Instruct,-1.8611,-1.2402,0.1181,,Qwen/Qwen2.5-0.5B-Instruct_safetensors_completed,0.0,105.9912,0.0,0.0,,42,,,,,,,,,,Pretrained-LoRA,0.0
0,user_42_0:-1.8611;user_42_1:-1.2402,0.3964,24,ExtractionAudit,0.0,escalate,pretrained LoRA gradient-ascent unlearning,True,41.67,0.1548,,0.0,True,,Qwen/Qwen2.5-0.5B-Instruct,-1.8611,-1.2402,0.1181,,Qwen/Qwen2.5-0.5B-Instruct_safetensors_completed,0.0,105.9912,0.0,0.0,,42,,,,,,,,,,Pretrained-LoRA,0.0
0,user_42_0:-1.8611;user_42_1:-1.2402,0.4221,24,InfluenceProxy,0.0,escalate,pretrained LoRA gradient-ascent unlearning,True,41.67,0.1548,,0.0,True,,Qwen/Qwen2.5-0.5B-Instruct,-1.8611,-1.2402,0.1181,,Qwen/Qwen2.5-0.5B-Instruct_safetensors_completed,0.0,105.9912,0.0,0.0,,42,,,,,,,,,,Pretrained-LoRA,0.0
0,user_42_0:-1.8611;user_42_1:-1.2402,0.4161,24,ADCU,0.0,escalate,pretrained LoRA gradient-ascent unlearning,True,41.67,0.1548,,0.0,True,,Qwen/Qwen2.5-0.5B-Instruct,-1.8611,-1.2402,0.1181,,Qwen/Qwen2.5-0.5B-Instruct_safetensors_completed,0.0,105.9912,0.0,0.0,,42,,,,,,,,,,Pretrained-LoRA,0.0
0,user_42_0:-2.5830;user_42_1:-2.4057,0.4474,24,MembershipInference,0.0,escalate,pretrained LoRA negative SFT unlearning,True,41.67,0.1548,,0.0,True,,Qwen/Qwen2.5-0.5B-Instruct,-2.583,-2.4057,0.1181,,Qwen/Qwen2.5-0.5B-Instruct_safetensors_completed,0.0,54.5684,0.0,0.0,,42,,,,,,,,,,Pretrained-LoRA,0.0
0,user_42_0:-2.5830;user_42_1:-2.4057,0.3964,24,ExtractionAudit,0.0,escalate,pretrained LoRA negative SFT unlearning,True,41.67,0.1548,,0.0,True,,Qwen/Qwen2.5-0.5B-Instruct,-2.583,-2.4057,0.1181,,Qwen/Qwen2.5-0.5B-Instruct_safetensors_completed,0.0,54.5684,0.0,0.0,,42,,,,,,,,,,Pretrained-LoRA,0.0
0,user_42_0:-2.5830;user_42_1:-2.4057,0.4221,24,InfluenceProxy,0.0,escalate,pretrained LoRA negative SFT unlearning,True,41.67,0.1548,,0.0,True,,Qwen/Qwen2.5-0.5B-Instruct,-2.583,-2.4057,0.1181,,Qwen/Qwen2.5-0.5B-Instruct_safetensors_completed,0.0,54.5684,0.0,0.0,,42,,,,,,,,,,Pretrained-LoRA,0.0
0,user_42_0:-2.5830;user_42_1:-2.4057,0.4161,24,ADCU,0.0,escalate,pretrained LoRA negative SFT unlearning,True,41.67,0.1548,,0.0,True,,Qwen/Qwen2.5-0.5B-Instruct,-2.583,-2.4057,0.1181,,Qwen/Qwen2.5-0.5B-Instruct_safetensors_completed,0.0,54.5684,0.0,0.0,,42,,,,,,,,,,Pretrained-LoRA,0.0
0,user_42_0:-2.2415;user_42_1:-1.9140,0.4474,24,MembershipInference,0.0,escalate,pretrained LoRA NPO unlearning,True,41.67,0.1548,,0.0,True,,Qwen/Qwen2.5-0.5B-Instruct,-2.2415,-1.914,0.1181,,Qwen/Qwen2.5-0.5B-Instruct_safetensors_completed,0.0,61.7269,0.0,0.0,,42,,,,,,,,,,Pretrained-LoRA,0.0
0,user_42_0:-2.2415;user_42_1:-1.9140,0.3964,24,ExtractionAudit,0.0,escalate,pretrained LoRA NPO unlearning,True,41.67,0.1548,,0.0,True,,Qwen/Qwen2.5-0.5B-Instruct,-2.2415,-1.914,0.1181,,Qwen/Qwen2.5-0.5B-Instruct_safetensors_completed,0.0,61.7269,0.0,0.0,,42,,,,,,,,,,Pretrained-LoRA,0.0
0,user_42_0:-2.2415;user_42_1:-1.9140,0.4221,24,InfluenceProxy,0.0,escalate,pretrained LoRA NPO unlearning,True,41.67,0.1548,,0.0,True,,Qwen/Qwen2.5-0.5B-Instruct,-2.2415,-1.914,0.1181,,Qwen/Qwen2.5-0.5B-Instruct_safetensors_completed,0.0,61.7269,0.0,0.0,,42,,,,,,,,,,Pretrained-LoRA,0.0
0,user_42_0:-2.2415;user_42_1:-1.9140,0.4161,24,ADCU,0.0,escalate,pretrained LoRA NPO unlearning,True,41.67,0.1548,,0.0,True,,Qwen/Qwen2.5-0.5B-Instruct,-2.2415,-1.914,0.1181,,Qwen/Qwen2.5-0.5B-Instruct_safetensors_completed,0.0,61.7269,0.0,0.0,,42,,,,,,,,,,Pretrained-LoRA,0.0
0,user_42_0:-2.1843;user_42_1:-1.8656,0.4474,24,MembershipInference,0.0,escalate,pretrained LoRA SimNPO unlearning,True,41.67,0.1548,,0.0,True,,Qwen/Qwen2.5-0.5B-Instruct,-2.1843,-1.8656,0.1181,,Qwen/Qwen2.5-0.5B-Instruct_safetensors_completed,0.0,60.8824,0.0,0.0,,42,,,,,,,,,,Pretrained-LoRA,0.0
0,user_42_0:-2.1843;user_42_1:-1.8656,0.3964,24,ExtractionAudit,0.0,escalate,pretrained LoRA SimNPO unlearning,True,41.67,0.1548,,0.0,True,,Qwen/Qwen2.5-0.5B-Instruct,-2.1843,-1.8656,0.1181,,Qwen/Qwen2.5-0.5B-Instruct_safetensors_completed,0.0,60.8824,0.0,0.0,,42,,,,,,,,,,Pretrained-LoRA,0.0
0,user_42_0:-2.1843;user_42_1:-1.8656,0.4221,24,InfluenceProxy,0.0,escalate,pretrained LoRA SimNPO unlearning,True,41.67,0.1548,,0.0,True,,Qwen/Qwen2.5-0.5B-Instruct,-2.1843,-1.8656,0.1181,,Qwen/Qwen2.5-0.5B-Instruct_safetensors_completed,0.0,60.8824,0.0,0.0,,42,,,,,,,,,,Pretrained-LoRA,0.0
0,user_42_0:-2.1843;user_42_1:-1.8656,0.4161,24,ADCU,0.0,escalate,pretrained LoRA SimNPO unlearning,True,41.67,0.1548,,0.0,True,,Qwen/Qwen2.5-0.5B-Instruct,-2.1843,-1.8656,0.1181,,Qwen/Qwen2.5-0.5B-Instruct_safetensors_completed,0.0,60.8824,0.0,0.0,,42,,,,,,,,,,Pretrained-LoRA,0.0
1,user_43_0:-0.4603;user_43_1:-0.7612,0.7547,24,MembershipInference,0.5,fail,pretrained LoRA full SFT,True,41.67,0.4881,,0.0417,True,,Qwen/Qwen2.5-0.5B-Instruct,-0.4603,-0.7612,0.4618,,Qwen/Qwen2.5-0.5B-Instruct_safetensors_completed,0.0,59.0807,0.0,0.0,,43,,,,,,,,,,Pretrained-LoRA,0.375
1,user_43_0:-0.4603;user_43_1:-0.7612,0.5428,24,ExtractionAudit,0.5,fail,pretrained LoRA full SFT,True,41.67,0.4881,,0.0417,True,,Qwen/Qwen2.5-0.5B-Instruct,-0.4603,-0.7612,0.4618,,Qwen/Qwen2.5-0.5B-Instruct_safetensors_completed,0.0,59.0807,0.0,0.0,,43,,,,,,,,,,Pretrained-LoRA,0.375
1,user_43_0:-0.4603;user_43_1:-0.7612,0.7447,24,InfluenceProxy,0.5,fail,pretrained LoRA full SFT,True,41.67,0.4881,,0.0417,True,,Qwen/Qwen2.5-0.5B-Instruct,-0.4603,-0.7612,0.4618,,Qwen/Qwen2.5-0.5B-Instruct_safetensors_completed,0.0,59.0807,0.0,0.0,,43,,,,,,,,,,Pretrained-LoRA,0.375
1,user_43_0:-0.4603;user_43_1:-0.7612,0.6996,24,ADCU,0.5,fail,pretrained LoRA full SFT,True,41.67,0.4881,,0.0417,True,,Qwen/Qwen2.5-0.5B-Instruct,-0.4603,-0.7612,0.4618,,Qwen/Qwen2.5-0.5B-Instruct_safetensors_completed,0.0,59.0807,0.0,0.0,,43,,,,,,,,,,Pretrained-LoRA,0.375
0,user_43_0:-0.6335;user_43_1:-0.6863,0.4474,24,MembershipInference,0.0,escalate,pretrained LoRA filtered retraining,True,41.67,0.1548,,0.0,True,,Qwen/Qwen2.5-0.5B-Instruct,-0.6335,-0.6863,0.1181,,Qwen/Qwen2.5-0.5B-Instruct_safetensors_completed,0.0,52.4452,0.0,0.0,,43,,,,,,,,,,Pretrained-LoRA,0.0
0,user_43_0:-0.6335;user_43_1:-0.6863,0.3964,24,ExtractionAudit,0.0,escalate,pretrained LoRA filtered retraining,True,41.67,0.1548,,0.0,True,,Qwen/Qwen2.5-0.5B-Instruct,-0.6335,-0.6863,0.1181,,Qwen/Qwen2.5-0.5B-Instruct_safetensors_completed,0.0,52.4452,0.0,0.0,,43,,,,,,,,,,Pretrained-LoRA,0.0
0,user_43_0:-0.6335;user_43_1:-0.6863,0.4221,24,InfluenceProxy,0.0,escalate,pretrained LoRA filtered retraining,True,41.67,0.1548,,0.0,True,,Qwen/Qwen2.5-0.5B-Instruct,-0.6335,-0.6863,0.1181,,Qwen/Qwen2.5-0.5B-Instruct_safetensors_completed,0.0,52.4452,0.0,0.0,,43,,,,,,,,,,Pretrained-LoRA,0.0
0,user_43_0:-0.6335;user_43_1:-0.6863,0.4161,24,ADCU,0.0,escalate,pretrained LoRA filtered retraining,True,41.67,0.1548,,0.0,True,,Qwen/Qwen2.5-0.5B-Instruct,-0.6335,-0.6863,0.1181,,Qwen/Qwen2.5-0.5B-Instruct_safetensors_completed,0.0,52.4452,0.0,0.0,,43,,,,,,,,,,Pretrained-LoRA,0.0
0,user_43_0:-1.2607;user_43_1:-1.3624,0.4474,24,MembershipInference,0.0,escalate,pretrained LoRA gradient-ascent unlearning,True,41.67,0.1548,,0.0,True,,Qwen/Qwen2.5-0.5B-Instruct,-1.2607,-1.3624,0.1181,,Qwen/Qwen2.5-0.5B-Instruct_safetensors_completed,0.0,117.9293,0.0,0.0,,43,,,,,,,,,,Pretrained-LoRA,0.0
0,user_43_0:-1.2607;user_43_1:-1.3624,0.3964,24,ExtractionAudit,0.0,escalate,pretrained LoRA gradient-ascent unlearning,True,41.67,0.1548,,0.0,True,,Qwen/Qwen2.5-0.5B-Instruct,-1.2607,-1.3624,0.1181,,Qwen/Qwen2.5-0.5B-Instruct_safetensors_completed,0.0,117.9293,0.0,0.0,,43,,,,,,,,,,Pretrained-LoRA,0.0
0,user_43_0:-1.2607;user_43_1:-1.3624,0.4221,24,InfluenceProxy,0.0,escalate,pretrained LoRA gradient-ascent unlearning,True,41.67,0.1548,,0.0,True,,Qwen/Qwen2.5-0.5B-Instruct,-1.2607,-1.3624,0.1181,,Qwen/Qwen2.5-0.5B-Instruct_safetensors_completed,0.0,117.9293,0.0,0.0,,43,,,,,,,,,,Pretrained-LoRA,0.0
0,user_43_0:-1.2607;user_43_1:-1.3624,0.4161,24,ADCU,0.0,escalate,pretrained LoRA gradient-ascent unlearning,True,41.67,0.1548,,0.0,True,,Qwen/Qwen2.5-0.5B-Instruct,-1.2607,-1.3624,0.1181,,Qwen/Qwen2.5-0.5B-Instruct_safetensors_completed,0.0,117.9293,0.0,0.0,,43,,,,,,,,,,Pretrained-LoRA,0.0
0,user_43_0:-1.9856;user_43_1:-2.3317,0.4474,24,MembershipInference,0.0,escalate,pretrained LoRA negative SFT unlearning,True,41.67,0.1548,,0.0,True,,Qwen/Qwen2.5-0.5B-Instruct,-1.9856,-2.3317,0.1181,,Qwen/Qwen2.5-0.5B-Instruct_safetensors_completed,0.0,63.1157,0.0,0.0,,43,,,,,,,,,,Pretrained-LoRA,0.0
0,user_43_0:-1.9856;user_43_1:-2.3317,0.3964,24,ExtractionAudit,0.0,escalate,pretrained LoRA negative SFT unlearning,True,41.67,0.1548,,0.0,True,,Qwen/Qwen2.5-0.5B-Instruct,-1.9856,-2.3317,0.1181,,Qwen/Qwen2.5-0.5B-Instruct_safetensors_completed,0.0,63.1157,0.0,0.0,,43,,,,,,,,,,Pretrained-LoRA,0.0
0,user_43_0:-1.9856;user_43_1:-2.3317,0.4221,24,InfluenceProxy,0.0,escalate,pretrained LoRA negative SFT unlearning,True,41.67,0.1548,,0.0,True,,Qwen/Qwen2.5-0.5B-Instruct,-1.9856,-2.3317,0.1181,,Qwen/Qwen2.5-0.5B-Instruct_safetensors_completed,0.0,63.1157,0.0,0.0,,43,,,,,,,,,,Pretrained-LoRA,0.0
0,user_43_0:-1.9856;user_43_1:-2.3317,0.4161,24,ADCU,0.0,escalate,pretrained LoRA negative SFT unlearning,True,41.67,0.1548,,0.0,True,,Qwen/Qwen2.5-0.5B-Instruct,-1.9856,-2.3317,0.1181,,Qwen/Qwen2.5-0.5B-Instruct_safetensors_completed,0.0,63.1157,0.0,0.0,,43,,,,,,,,,,Pretrained-LoRA,0.0
0,user_43_0:-1.6341;user_43_1:-1.8931,0.4474,24,MembershipInference,0.0,escalate,pretrained LoRA NPO unlearning,True,41.67,0.1548,,0.0,True,,Qwen/Qwen2.5-0.5B-Instruct,-1.6341,-1.8931,0.1181,,Qwen/Qwen2.5-0.5B-Instruct_safetensors_completed,0.0,69.1924,0.0,0.0,,43,,,,,,,,,,Pretrained-LoRA,0.0
0,user_43_0:-1.6341;user_43_1:-1.8931,0.3964,24,ExtractionAudit,0.0,escalate,pretrained LoRA NPO unlearning,True,41.67,0.1548,,0.0,True,,Qwen/Qwen2.5-0.5B-Instruct,-1.6341,-1.8931,0.1181,,Qwen/Qwen2.5-0.5B-Instruct_safetensors_completed,0.0,69.1924,0.0,0.0,,43,,,,,,,,,,Pretrained-LoRA,0.0
0,user_43_0:-1.6341;user_43_1:-1.8931,0.4221,24,InfluenceProxy,0.0,escalate,pretrained LoRA NPO unlearning,True,41.67,0.1548,,0.0,True,,Qwen/Qwen2.5-0.5B-Instruct,-1.6341,-1.8931,0.1181,,Qwen/Qwen2.5-0.5B-Instruct_safetensors_completed,0.0,69.1924,0.0,0.0,,43,,,,,,,,,,Pretrained-LoRA,0.0
0,user_43_0:-1.6341;user_43_1:-1.8931,0.4161,24,ADCU,0.0,escalate,pretrained LoRA NPO unlearning,True,41.67,0.1548,,0.0,True,,Qwen/Qwen2.5-0.5B-Instruct,-1.6341,-1.8931,0.1181,,Qwen/Qwen2.5-0.5B-Instruct_safetensors_completed,0.0,69.1924,0.0,0.0,,43,,,,,,,,,,Pretrained-LoRA,0.0
0,user_43_0:-1.6124;user_43_1:-1.8746,0.4474,24,MembershipInference,0.0,escalate,pretrained LoRA SimNPO unlearning,True,41.67,0.1548,,0.0,True,,Qwen/Qwen2.5-0.5B-Instruct,-1.6124,-1.8746,0.1181,,Qwen/Qwen2.5-0.5B-Instruct_safetensors_completed,0.0,69.0155,0.0,0.0,,43,,,,,,,,,,Pretrained-LoRA,0.0
0,user_43_0:-1.6124;user_43_1:-1.8746,0.3964,24,ExtractionAudit,0.0,escalate,pretrained LoRA SimNPO unlearning,True,41.67,0.1548,,0.0,True,,Qwen/Qwen2.5-0.5B-Instruct,-1.6124,-1.8746,0.1181,,Qwen/Qwen2.5-0.5B-Instruct_safetensors_completed,0.0,69.0155,0.0,0.0,,43,,,,,,,,,,Pretrained-LoRA,0.0
0,user_43_0:-1.6124;user_43_1:-1.8746,0.4221,24,InfluenceProxy,0.0,escalate,pretrained LoRA SimNPO unlearning,True,41.67,0.1548,,0.0,True,,Qwen/Qwen2.5-0.5B-Instruct,-1.6124,-1.8746,0.1181,,Qwen/Qwen2.5-0.5B-Instruct_safetensors_completed,0.0,69.0155,0.0,0.0,,43,,,,,,,,,,Pretrained-LoRA,0.0
0,user_43_0:-1.6124;user_43_1:-1.8746,0.4161,24,ADCU,0.0,escalate,pretrained LoRA SimNPO unlearning,True,41.67,0.1548,,0.0,True,,Qwen/Qwen2.5-0.5B-Instruct,-1.6124,-1.8746,0.1181,,Qwen/Qwen2.5-0.5B-Instruct_safetensors_completed,0.0,69.0155,0.0,0.0,,43,,,,,,,,,,Pretrained-LoRA,0.0
,,0.0,5,TOFU-Eval,0.0,report,Qwen2.5-0.5B TOFU-like full SFT,False,0.0,0.0,,0.0,False,,Qwen/Qwen2.5-0.5B-Instruct,,,0.0,,,,,1.0,0.0,,51,1.0,deterministic_subset_5_of_4000,5,2.2736,2.4063,full,4000,,,TOFU-FullEval,0.0
,,0.0,40,TOFU-Eval,0.0,report,Qwen2.5-0.5B TOFU-like full SFT,False,0.0,0.0,,0.0,True,,Qwen/Qwen2.5-0.5B-Instruct,,,0.0,,,,,1.0,0.0,,51,1.0,full,40,2.0209,3.4098,forget01,40,,,TOFU-FullEval,0.0
,,0.0,5,TOFU-Eval,0.0,report,Qwen2.5-0.5B TOFU-like full SFT,False,0.0,0.0,,0.0,True,,Qwen/Qwen2.5-0.5B-Instruct,,,0.0,,,,,1.0,0.0,,51,1.0,deterministic_subset_5_of_200,5,2.4244,2.4568,forget05,200,,,TOFU-FullEval,0.0
,,0.0,5,TOFU-Eval,0.0,report,Qwen2.5-0.5B TOFU-like full SFT,False,0.0,0.0,,0.0,True,,Qwen/Qwen2.5-0.5B-Instruct,,,0.0,,,,,1.0,0.0,,51,1.0,deterministic_subset_5_of_400,5,1.671,3.5593,forget10,400,,,TOFU-FullEval,0.0
,,0.0,5,TOFU-Eval,0.0,report,Qwen2.5-0.5B TOFU-like full SFT,False,0.0,0.0,,0.0,False,,Qwen/Qwen2.5-0.5B-Instruct,,,0.0,,,,,1.0,0.0,,51,1.0,deterministic_subset_5_of_3960,5,2.2736,2.4063,retain99,3960,,,TOFU-FullEval,0.0
,,0.0,5,TOFU-Eval,0.0,report,Qwen2.5-0.5B TOFU-like full SFT,False,0.0,0.0,,0.0,False,,Qwen/Qwen2.5-0.5B-Instruct,,,0.0,,,,,1.0,0.0,,51,1.0,deterministic_subset_5_of_3800,5,2.2736,2.4063,retain95,3800,,,TOFU-FullEval,0.0
,,0.0,5,TOFU-Eval,0.0,report,Qwen2.5-0.5B TOFU-like full SFT,False,0.0,0.0,,0.0,False,,Qwen/Qwen2.5-0.5B-Instruct,,,0.0,,,,,1.0,0.0,,51,1.0,deterministic_subset_5_of_3600,5,2.2736,2.4063,retain90,3600,,,TOFU-FullEval,0.0
,,0.0,5,TOFU-Eval,0.0,report,Qwen2.5-0.5B TOFU-like full SFT,False,0.0,0.0,,0.0,False,,Qwen/Qwen2.5-0.5B-Instruct,,,0.0,,,,,1.0,0.0,,51,1.0,deterministic_subset_5_of_100,5,0.4016,0.0,real_authors,100,,,TOFU-FullEval,0.0
,,0.0,5,TOFU-Eval,0.0,report,Qwen2.5-0.5B TOFU-like full SFT,False,0.0,0.0,,0.0,False,,Qwen/Qwen2.5-0.5B-Instruct,,,0.0,,,,,0.4,0.0,,51,0.4,deterministic_subset_5_of_117,5,4.3498,-1.8328,world_facts,117,,,TOFU-FullEval,0.0
,,0.0,5,TOFU-Eval,0.0,report,Qwen2.5-0.5B TOFU-like full SFT,False,0.0,0.0,,0.0,False,,Qwen/Qwen2.5-0.5B-Instruct,,,0.0,,,,,1.0,0.0,,51,1.0,deterministic_subset_5_of_40,5,1.6845,3.4243,holdout01,40,,,TOFU-FullEval,0.0
,,0.0,5,TOFU-Eval,0.0,report,Qwen2.5-0.5B TOFU-like full SFT,False,0.0,0.0,,0.0,False,,Qwen/Qwen2.5-0.5B-Instruct,,,0.0,,,,,1.0,0.0,,51,1.0,deterministic_subset_5_of_200,5,1.6845,3.4243,holdout05,200,,,TOFU-FullEval,0.0
,,0.0,5,TOFU-Eval,0.0,report,Qwen2.5-0.5B TOFU-like full SFT,False,0.0,0.0,,0.0,False,,Qwen/Qwen2.5-0.5B-Instruct,,,0.0,,,,,1.0,0.0,,51,1.0,deterministic_subset_5_of_400,5,1.6845,3.4243,holdout10,400,,,TOFU-FullEval,0.0
,,0.0,5,TOFU-Eval,0.0,report,Qwen2.5-0.5B TOFU-like full SFT,False,0.0,0.0,,0.0,True,,Qwen/Qwen2.5-0.5B-Instruct,,,0.0,,,,,1.0,0.0,,51,1.0,deterministic_subset_5_of_40,5,0.8811,4.4914,forget01_perturbed,40,,,TOFU-FullEval,0.0
,,0.0,5,TOFU-Eval,0.0,report,Qwen2.5-0.5B TOFU-like full SFT,False,0.0,0.0,,0.0,True,,Qwen/Qwen2.5-0.5B-Instruct,,,0.0,,,,,1.0,0.0,,51,1.0,deterministic_subset_5_of_200,5,2.4244,2.4568,forget05_perturbed,200,,,TOFU-FullEval,0.0
,,0.0,5,TOFU-Eval,0.0,report,Qwen2.5-0.5B TOFU-like full SFT,False,0.0,0.0,,0.0,True,,Qwen/Qwen2.5-0.5B-Instruct,,,0.0,,,,,1.0,0.0,,51,1.0,deterministic_subset_5_of_400,5,1.671,3.5593,forget10_perturbed,400,,,TOFU-FullEval,0.0
,,0.0,5,TOFU-Eval,0.0,report,Qwen2.5-0.5B TOFU-like full SFT,False,0.0,0.0,,0.0,False,,Qwen/Qwen2.5-0.5B-Instruct,,,0.0,,,,,1.0,0.0,,51,1.0,deterministic_subset_5_of_400,5,2.2736,2.4063,retain_perturbed,400,,,TOFU-FullEval,0.0
,,0.0,5,TOFU-Eval,0.0,report,Qwen2.5-0.5B TOFU-like full SFT,False,0.0,0.0,,0.0,False,,Qwen/Qwen2.5-0.5B-Instruct,,,0.0,,,,,0.8,0.0,,51,0.8,deterministic_subset_5_of_117,5,4.3498,1.2181,world_facts_perturbed,117,,,TOFU-FullEval,0.0
,,0.0,5,TOFU-Eval,0.0,report,Qwen2.5-0.5B TOFU-like full SFT,False,0.0,0.0,,0.0,False,,Qwen/Qwen2.5-0.5B-Instruct,,,0.0,,,,,1.0,0.0,,51,1.0,deterministic_subset_5_of_100,5,0.4016,5.5265,real_authors_perturbed,100,,,TOFU-FullEval,0.0
1,tofu_forget_0:0.9367;tofu_forget_1:-1.3204,0.6845,22,MembershipInference,0.5,fail,Qwen2.5-0.5B TOFU-like full SFT,True,45.45,0.3701,,0.0455,True,,Qwen/Qwen2.5-0.5B-Instruct,-0.1918,0.0,0.5,,qwen2.5_0.5b_tofu_completed,1.0,8.9517,1.0,0.0,,51,,,,,,,,,,Qwen-TOFU-LoRA,0.0
1,tofu_forget_0:0.9367;tofu_forget_1:-1.3204,0.5249,22,ExtractionAudit,0.5,fail,Qwen2.5-0.5B TOFU-like full SFT,False,0.0,0.3701,,0.0455,True,,Qwen/Qwen2.5-0.5B-Instruct,-0.1918,0.0,0.5,,qwen2.5_0.5b_tofu_completed,1.0,8.9517,1.0,0.0,,51,,,,,,,,,,Qwen-TOFU-LoRA,0.0
1,tofu_forget_0:0.9367;tofu_forget_1:-1.3204,0.6845,22,InfluenceProxy,0.5,fail,Qwen2.5-0.5B TOFU-like full SFT,True,45.45,0.3701,,0.0455,True,,Qwen/Qwen2.5-0.5B-Instruct,-0.1918,0.0,0.5,,qwen2.5_0.5b_tofu_completed,1.0,8.9517,1.0,0.0,,51,,,,,,,,,,Qwen-TOFU-LoRA,0.0
1,tofu_forget_0:0.9367;tofu_forget_1:-1.3204,0.6434,22,ADCU,0.5,fail,Qwen2.5-0.5B TOFU-like full SFT,True,45.45,0.3701,,0.0455,True,,Qwen/Qwen2.5-0.5B-Instruct,-0.1918,0.0,0.5,,qwen2.5_0.5b_tofu_completed,1.0,8.9517,1.0,0.0,,51,,,,,,,,,,Qwen-TOFU-LoRA,0.0
,,0.0,5,TOFU-Eval,0.0,report,Qwen2.5-0.5B TOFU-like NPO unlearning,False,0.0,0.0,,0.0,False,,Qwen/Qwen2.5-0.5B-Instruct,,,0.0,,,,,1.0,0.0,,51,1.0,deterministic_subset_5_of_4000,5,2.2326,1.8546,full,4000,,,TOFU-FullEval,0.0
,,0.0,40,TOFU-Eval,0.0,report,Qwen2.5-0.5B TOFU-like NPO unlearning,False,0.0,0.0,,0.0,True,,Qwen/Qwen2.5-0.5B-Instruct,,,0.0,,,,,1.0,0.0,,51,1.0,full,40,2.0098,2.6162,forget01,40,,,TOFU-FullEval,0.0
,,0.0,5,TOFU-Eval,0.0,report,Qwen2.5-0.5B TOFU-like NPO unlearning,False,0.0,0.0,,0.0,True,,Qwen/Qwen2.5-0.5B-Instruct,,,0.0,,,,,1.0,0.0,,51,1.0,deterministic_subset_5_of_200,5,2.3993,1.7931,forget05,200,,,TOFU-FullEval,0.0
,,0.0,5,TOFU-Eval,0.0,report,Qwen2.5-0.5B TOFU-like NPO unlearning,False,0.0,0.0,,0.0,True,,Qwen/Qwen2.5-0.5B-Instruct,,,0.0,,,,,1.0,0.0,,51,1.0,deterministic_subset_5_of_400,5,1.6696,2.6908,forget10,400,,,TOFU-FullEval,0.0
,,0.0,5,TOFU-Eval,0.0,report,Qwen2.5-0.5B TOFU-like NPO unlearning,False,0.0,0.0,,0.0,False,,Qwen/Qwen2.5-0.5B-Instruct,,,0.0,,,,,1.0,0.0,,51,1.0,deterministic_subset_5_of_3960,5,2.2326,1.8546,retain99,3960,,,TOFU-FullEval,0.0
,,0.0,5,TOFU-Eval,0.0,report,Qwen2.5-0.5B TOFU-like NPO unlearning,False,0.0,0.0,,0.0,False,,Qwen/Qwen2.5-0.5B-Instruct,,,0.0,,,,,1.0,0.0,,51,1.0,deterministic_subset_5_of_3800,5,2.2326,1.8546,retain95,3800,,,TOFU-FullEval,0.0
,,0.0,5,TOFU-Eval,0.0,report,Qwen2.5-0.5B TOFU-like NPO unlearning,False,0.0,0.0,,0.0,False,,Qwen/Qwen2.5-0.5B-Instruct,,,0.0,,,,,1.0,0.0,,51,1.0,deterministic_subset_5_of_3600,5,2.2326,1.8546,retain90,3600,,,TOFU-FullEval,0.0
,,0.0,5,TOFU-Eval,0.0,report,Qwen2.5-0.5B TOFU-like NPO unlearning,False,0.0,0.0,,0.0,False,,Qwen/Qwen2.5-0.5B-Instruct,,,0.0,,,,,1.0,0.0,,51,1.0,deterministic_subset_5_of_100,5,0.5613,0.0,real_authors,100,,,TOFU-FullEval,0.0
,,0.0,5,TOFU-Eval,0.0,report,Qwen2.5-0.5B TOFU-like NPO unlearning,False,0.0,0.0,,0.0,False,,Qwen/Qwen2.5-0.5B-Instruct,,,0.0,,,,,0.4,0.0,,51,0.4,deterministic_subset_5_of_117,5,4.854,-2.0521,world_facts,117,,,TOFU-FullEval,0.0
,,0.0,5,TOFU-Eval,0.0,report,Qwen2.5-0.5B TOFU-like NPO unlearning,False,0.0,0.0,,0.0,False,,Qwen/Qwen2.5-0.5B-Instruct,,,0.0,,,,,1.0,0.0,,51,1.0,deterministic_subset_5_of_40,5,1.6836,2.6968,holdout01,40,,,TOFU-FullEval,0.0
,,0.0,5,TOFU-Eval,0.0,report,Qwen2.5-0.5B TOFU-like NPO unlearning,False,0.0,0.0,,0.0,False,,Qwen/Qwen2.5-0.5B-Instruct,,,0.0,,,,,1.0,0.0,,51,1.0,deterministic_subset_5_of_200,5,1.6836,2.6968,holdout05,200,,,TOFU-FullEval,0.0
,,0.0,5,TOFU-Eval,0.0,report,Qwen2.5-0.5B TOFU-like NPO unlearning,False,0.0,0.0,,0.0,False,,Qwen/Qwen2.5-0.5B-Instruct,,,0.0,,,,,1.0,0.0,,51,1.0,deterministic_subset_5_of_400,5,1.6836,2.6968,holdout10,400,,,TOFU-FullEval,0.0
,,0.0,5,TOFU-Eval,0.0,report,Qwen2.5-0.5B TOFU-like NPO unlearning,False,0.0,0.0,,0.0,True,,Qwen/Qwen2.5-0.5B-Instruct,,,0.0,,,,,1.0,0.0,,51,1.0,deterministic_subset_5_of_40,5,0.8516,3.5929,forget01_perturbed,40,,,TOFU-FullEval,0.0
,,0.0,5,TOFU-Eval,0.0,report,Qwen2.5-0.5B TOFU-like NPO unlearning,False,0.0,0.0,,0.0,True,,Qwen/Qwen2.5-0.5B-Instruct,,,0.0,,,,,1.0,0.0,,51,1.0,deterministic_subset_5_of_200,5,2.3993,1.7931,forget05_perturbed,200,,,TOFU-FullEval,0.0
,,0.0,5,TOFU-Eval,0.0,report,Qwen2.5-0.5B TOFU-like NPO unlearning,False,0.0,0.0,,0.0,True,,Qwen/Qwen2.5-0.5B-Instruct,,,0.0,,,,,1.0,0.0,,51,1.0,deterministic_subset_5_of_400,5,1.6696,2.6908,forget10_perturbed,400,,,TOFU-FullEval,0.0
,,0.0,5,TOFU-Eval,0.0,report,Qwen2.5-0.5B TOFU-like NPO unlearning,False,0.0,0.0,,0.0,False,,Qwen/Qwen2.5-0.5B-Instruct,,,0.0,,,,,1.0,0.0,,51,1.0,deterministic_subset_5_of_400,5,2.2326,1.8546,retain_perturbed,400,,,TOFU-FullEval,0.0
,,0.0,5,TOFU-Eval,0.0,report,Qwen2.5-0.5B TOFU-like NPO unlearning,False,0.0,0.0,,0.0,False,,Qwen/Qwen2.5-0.5B-Instruct,,,0.0,,,,,0.6,0.0,,51,0.6,deterministic_subset_5_of_117,5,4.854,0.0468,world_facts_perturbed,117,,,TOFU-FullEval,0.0
,,0.0,5,TOFU-Eval,0.0,report,Qwen2.5-0.5B TOFU-like NPO unlearning,False,0.0,0.0,,0.0,False,,Qwen/Qwen2.5-0.5B-Instruct,,,0.0,,,,,1.0,0.0,,51,1.0,deterministic_subset_5_of_100,5,0.5613,4.4461,real_authors_perturbed,100,,,TOFU-FullEval,0.0
1,tofu_forget_0:0.7146;tofu_forget_1:-1.5374,0.6845,22,MembershipInference,0.5,fail,Qwen2.5-0.5B TOFU-like NPO unlearning,True,45.45,0.3701,,0.0455,True,,Qwen/Qwen2.5-0.5B-Instruct,-0.4114,0.0,0.5,,qwen2.5_0.5b_tofu_completed,1.0,8.5194,1.0,0.0,,51,,,,,,,,,,Qwen-TOFU-LoRA,0.0
1,tofu_forget_0:0.7146;tofu_forget_1:-1.5374,0.5249,22,ExtractionAudit,0.5,fail,Qwen2.5-0.5B TOFU-like NPO unlearning,False,0.0,0.3701,,0.0455,True,,Qwen/Qwen2.5-0.5B-Instruct,-0.4114,0.0,0.5,,qwen2.5_0.5b_tofu_completed,1.0,8.5194,1.0,0.0,,51,,,,,,,,,,Qwen-TOFU-LoRA,0.0
1,tofu_forget_0:0.7146;tofu_forget_1:-1.5374,0.6845,22,InfluenceProxy,0.5,fail,Qwen2.5-0.5B TOFU-like NPO unlearning,True,45.45,0.3701,,0.0455,True,,Qwen/Qwen2.5-0.5B-Instruct,-0.4114,0.0,0.5,,qwen2.5_0.5b_tofu_completed,1.0,8.5194,1.0,0.0,,51,,,,,,,,,,Qwen-TOFU-LoRA,0.0
1,tofu_forget_0:0.7146;tofu_forget_1:-1.5374,0.6434,22,ADCU,0.5,fail,Qwen2.5-0.5B TOFU-like NPO unlearning,True,45.45,0.3701,,0.0455,True,,Qwen/Qwen2.5-0.5B-Instruct,-0.4114,0.0,0.5,,qwen2.5_0.5b_tofu_completed,1.0,8.5194,1.0,0.0,,51,,,,,,,,,,Qwen-TOFU-LoRA,0.0
,,0.7858,32,RetrieverHit,0.375,fail,lexical retrieval with retained derivatives,True,31.25,0.2976,not_used,0.0417,True,,,,,0.316,,,,,0.97,0.375,lexical,21,,,,,,,,0.75,0.75,DenseRAG,0.25
,,0.7858,32,MembershipInference,0.375,fail,lexical retrieval with retained derivatives,True,31.25,0.2976,not_used,0.0417,True,,,,,0.316,,,,,0.97,0.375,lexical,21,,,,,,,,0.75,0.75,DenseRAG,0.25
,,0.5595,32,ExtractionAudit,0.375,escalate,lexical retrieval with retained derivatives,False,0.0,0.2976,not_used,0.0417,True,,,,,0.316,,,,,0.97,0.375,lexical,21,,,,,,,,0.75,0.75,DenseRAG,0.25
,,0.7858,32,InfluenceProxy,0.375,fail,lexical retrieval with retained derivatives,True,31.25,0.2976,not_used,0.0417,True,,,,,0.316,,,,,0.97,0.375,lexical,21,,,,,,,,0.75,0.75,DenseRAG,0.25
,,0.7858,32,ADCU,0.375,fail,lexical retrieval with retained derivatives,True,31.25,0.2976,not_used,0.0417,True,,,,,0.316,,,,,0.97,0.375,lexical,21,,,,,,,,0.75,0.75,DenseRAG,0.25
,,0.7858,32,RetrieverHit,0.375,fail,dense retrieval with retained derivatives,True,31.25,0.2396,not_used,0.0417,True,,,,,0.2726,,,,,0.97,0.375,dense,21,,,,,,,,0.75,0.75,DenseRAG,0.125
,,0.7849,32,MembershipInference,0.375,fail,dense retrieval with retained derivatives,True,31.25,0.2396,not_used,0.0417,True,,,,,0.2726,,,,,0.97,0.375,dense,21,,,,,,,,0.75,0.75,DenseRAG,0.125
,,0.5371,32,ExtractionAudit,0.375,escalate,dense retrieval with retained derivatives,False,0.0,0.2396,not_used,0.0417,True,,,,,0.2726,,,,,0.97,0.375,dense,21,,,,,,,,0.75,0.75,DenseRAG,0.125
,,0.7858,32,InfluenceProxy,0.375,fail,dense retrieval with retained derivatives,True,31.25,0.2396,not_used,0.0417,True,,,,,0.2726,,,,,0.97,0.375,dense,21,,,,,,,,0.75,0.75,DenseRAG,0.125
,,0.7849,32,ADCU,0.375,fail,dense retrieval with retained derivatives,True,31.25,0.2396,not_used,0.0417,True,,,,,0.2726,,,,,0.97,0.375,dense,21,,,,,,,,0.75,0.75,DenseRAG,0.125
,,0.7858,32,RetrieverHit,0.4792,fail,neural retrieval with retained derivatives,True,31.25,0.4018,sentence-transformers/all-MiniLM-L6-v2,0.0417,True,,,,,0.3958,,,,,0.97,0.4792,neural,21,,,,,,,,0.9583,0.9583,DenseRAG,0.3542
,,0.7858,32,MembershipInference,0.4792,fail,neural retrieval with retained derivatives,True,31.25,0.4018,sentence-transformers/all-MiniLM-L6-v2,0.0417,True,,,,,0.3958,,,,,0.97,0.4792,neural,21,,,,,,,,0.9583,0.9583,DenseRAG,0.3542
,,0.581,32,ExtractionAudit,0.4792,escalate,neural retrieval with retained derivatives,False,0.0,0.4018,sentence-transformers/all-MiniLM-L6-v2,0.0417,True,,,,,0.3958,,,,,0.97,0.4792,neural,21,,,,,,,,0.9583,0.9583,DenseRAG,0.3542
,,0.7858,32,InfluenceProxy,0.4792,fail,neural retrieval with retained derivatives,True,31.25,0.4018,sentence-transformers/all-MiniLM-L6-v2,0.0417,True,,,,,0.3958,,,,,0.97,0.4792,neural,21,,,,,,,,0.9583,0.9583,DenseRAG,0.3542
,,0.7858,32,ADCU,0.4792,fail,neural retrieval with retained derivatives,True,31.25,0.4018,sentence-transformers/all-MiniLM-L6-v2,0.0417,True,,,,,0.3958,,,,,0.97,0.4792,neural,21,,,,,,,,0.9583,0.9583,DenseRAG,0.3542
,,0.7858,32,RetrieverHit,0.4583,fail,e5 retrieval with retained derivatives,True,31.25,0.381,intfloat/e5-base-v2,0.0208,True,,,,,0.3796,,,,,0.97,0.4583,e5,21,,,,,,,,0.9167,0.9583,DenseRAG,0.3333
,,0.7858,32,MembershipInference,0.4583,fail,e5 retrieval with retained derivatives,True,31.25,0.381,intfloat/e5-base-v2,0.0208,True,,,,,0.3796,,,,,0.97,0.4583,e5,21,,,,,,,,0.9167,0.9583,DenseRAG,0.3333
,,0.581,32,ExtractionAudit,0.4583,escalate,e5 retrieval with retained derivatives,False,0.0,0.381,intfloat/e5-base-v2,0.0208,True,,,,,0.3796,,,,,0.97,0.4583,e5,21,,,,,,,,0.9167,0.9583,DenseRAG,0.3333
,,0.7858,32,InfluenceProxy,0.4583,fail,e5 retrieval with retained derivatives,True,31.25,0.381,intfloat/e5-base-v2,0.0208,True,,,,,0.3796,,,,,0.97,0.4583,e5,21,,,,,,,,0.9167,0.9583,DenseRAG,0.3333
,,0.7858,32,ADCU,0.4583,fail,e5 retrieval with retained derivatives,True,31.25,0.381,intfloat/e5-base-v2,0.0208,True,,,,,0.3796,,,,,0.97,0.4583,e5,21,,,,,,,,0.9167,0.9583,DenseRAG,0.3333
,,0.7858,32,RetrieverHit,0.4792,fail,bge retrieval with retained derivatives,True,31.25,0.4018,BAAI/bge-small-en-v1.5,0.0417,True,,,,,0.3958,,,,,0.97,0.4792,bge,21,,,,,,,,0.9583,1.0,DenseRAG,0.3542
,,0.7858,32,MembershipInference,0.4792,fail,bge retrieval with retained derivatives,True,31.25,0.4018,BAAI/bge-small-en-v1.5,0.0417,True,,,,,0.3958,,,,,0.97,0.4792,bge,21,,,,,,,,0.9583,1.0,DenseRAG,0.3542
,,0.581,32,ExtractionAudit,0.4792,escalate,bge retrieval with retained derivatives,False,0.0,0.4018,BAAI/bge-small-en-v1.5,0.0417,True,,,,,0.3958,,,,,0.97,0.4792,bge,21,,,,,,,,0.9583,1.0,DenseRAG,0.3542
,,0.7858,32,InfluenceProxy,0.4792,fail,bge retrieval with retained derivatives,True,31.25,0.4018,BAAI/bge-small-en-v1.5,0.0417,True,,,,,0.3958,,,,,0.97,0.4792,bge,21,,,,,,,,0.9583,1.0,DenseRAG,0.3542
,,0.7858,32,ADCU,0.4792,fail,bge retrieval with retained derivatives,True,31.25,0.4018,BAAI/bge-small-en-v1.5,0.0417,True,,,,,0.3958,,,,,0.97,0.4792,bge,21,,,,,,,,0.9583,1.0,DenseRAG,0.3542
,,0.7858,32,RetrieverHit,0.5,fail,cross retrieval with retained derivatives,True,31.25,0.1905,not_used,0.0417,True,,,,,0.5,,,,,0.97,0.5,cross,21,,,,,,,,0.0,0.0,DenseRAG,0.0
,,0.7858,32,MembershipInference,0.5,fail,cross retrieval with retained derivatives,True,31.25,0.1905,not_used,0.0417,True,,,,,0.5,,,,,0.97,0.5,cross,21,,,,,,,,0.0,0.0,DenseRAG,0.0
,,0.5416,32,ExtractionAudit,0.5,escalate,cross retrieval with retained derivatives,False,0.0,0.1905,not_used,0.0417,True,,,,,0.5,,,,,0.97,0.5,cross,21,,,,,,,,0.0,0.0,DenseRAG,0.0
,,0.7858,32,InfluenceProxy,0.5,fail,cross retrieval with retained derivatives,True,31.25,0.1905,not_used,0.0417,True,,,,,0.5,,,,,0.97,0.5,cross,21,,,,,,,,0.0,0.0,DenseRAG,0.0
,,0.7858,32,ADCU,0.5,fail,cross retrieval with retained derivatives,True,31.25,0.1905,not_used,0.0417,True,,,,,0.5,,,,,0.97,0.5,cross,21,,,,,,,,0.0,0.0,DenseRAG,0.0
,,0.7858,32,RetrieverHit,0.375,fail,lexical retrieval with retained derivatives,True,31.25,0.2976,not_used,0.0417,True,,,,,0.316,,,,,0.97,0.375,lexical,22,,,,,,,,0.75,0.75,DenseRAG,0.25
,,0.7858,32,MembershipInference,0.375,fail,lexical retrieval with retained derivatives,True,31.25,0.2976,not_used,0.0417,True,,,,,0.316,,,,,0.97,0.375,lexical,22,,,,,,,,0.75,0.75,DenseRAG,0.25
,,0.5595,32,ExtractionAudit,0.375,escalate,lexical retrieval with retained derivatives,False,0.0,0.2976,not_used,0.0417,True,,,,,0.316,,,,,0.97,0.375,lexical,22,,,,,,,,0.75,0.75,DenseRAG,0.25
,,0.7858,32,InfluenceProxy,0.375,fail,lexical retrieval with retained derivatives,True,31.25,0.2976,not_used,0.0417,True,,,,,0.316,,,,,0.97,0.375,lexical,22,,,,,,,,0.75,0.75,DenseRAG,0.25
,,0.7858,32,ADCU,0.375,fail,lexical retrieval with retained derivatives,True,31.25,0.2976,not_used,0.0417,True,,,,,0.316,,,,,0.97,0.375,lexical,22,,,,,,,,0.75,0.75,DenseRAG,0.25
,,0.7858,32,RetrieverHit,0.375,fail,dense retrieval with retained derivatives,True,31.25,0.2396,not_used,0.0417,True,,,,,0.2726,,,,,0.97,0.375,dense,22,,,,,,,,0.75,0.75,DenseRAG,0.125
,,0.7849,32,MembershipInference,0.375,fail,dense retrieval with retained derivatives,True,31.25,0.2396,not_used,0.0417,True,,,,,0.2726,,,,,0.97,0.375,dense,22,,,,,,,,0.75,0.75,DenseRAG,0.125
,,0.5371,32,ExtractionAudit,0.375,escalate,dense retrieval with retained derivatives,False,0.0,0.2396,not_used,0.0417,True,,,,,0.2726,,,,,0.97,0.375,dense,22,,,,,,,,0.75,0.75,DenseRAG,0.125
,,0.7858,32,InfluenceProxy,0.375,fail,dense retrieval with retained derivatives,True,31.25,0.2396,not_used,0.0417,True,,,,,0.2726,,,,,0.97,0.375,dense,22,,,,,,,,0.75,0.75,DenseRAG,0.125
,,0.7849,32,ADCU,0.375,fail,dense retrieval with retained derivatives,True,31.25,0.2396,not_used,0.0417,True,,,,,0.2726,,,,,0.97,0.375,dense,22,,,,,,,,0.75,0.75,DenseRAG,0.125
,,0.7858,32,RetrieverHit,0.4792,fail,neural retrieval with retained derivatives,True,31.25,0.4018,sentence-transformers/all-MiniLM-L6-v2,0.0417,True,,,,,0.3958,,,,,0.97,0.4792,neural,22,,,,,,,,0.9583,0.9583,DenseRAG,0.3542
,,0.7858,32,MembershipInference,0.4792,fail,neural retrieval with retained derivatives,True,31.25,0.4018,sentence-transformers/all-MiniLM-L6-v2,0.0417,True,,,,,0.3958,,,,,0.97,0.4792,neural,22,,,,,,,,0.9583,0.9583,DenseRAG,0.3542
,,0.581,32,ExtractionAudit,0.4792,escalate,neural retrieval with retained derivatives,False,0.0,0.4018,sentence-transformers/all-MiniLM-L6-v2,0.0417,True,,,,,0.3958,,,,,0.97,0.4792,neural,22,,,,,,,,0.9583,0.9583,DenseRAG,0.3542
,,0.7858,32,InfluenceProxy,0.4792,fail,neural retrieval with retained derivatives,True,31.25,0.4018,sentence-transformers/all-MiniLM-L6-v2,0.0417,True,,,,,0.3958,,,,,0.97,0.4792,neural,22,,,,,,,,0.9583,0.9583,DenseRAG,0.3542
,,0.7858,32,ADCU,0.4792,fail,neural retrieval with retained derivatives,True,31.25,0.4018,sentence-transformers/all-MiniLM-L6-v2,0.0417,True,,,,,0.3958,,,,,0.97,0.4792,neural,22,,,,,,,,0.9583,0.9583,DenseRAG,0.3542
,,0.7858,32,RetrieverHit,0.4583,fail,e5 retrieval with retained derivatives,True,31.25,0.381,intfloat/e5-base-v2,0.0208,True,,,,,0.3796,,,,,0.97,0.4583,e5,22,,,,,,,,0.9167,0.9167,DenseRAG,0.3333
,,0.7858,32,MembershipInference,0.4583,fail,e5 retrieval with retained derivatives,True,31.25,0.381,intfloat/e5-base-v2,0.0208,True,,,,,0.3796,,,,,0.97,0.4583,e5,22,,,,,,,,0.9167,0.9167,DenseRAG,0.3333
,,0.581,32,ExtractionAudit,0.4583,escalate,e5 retrieval with retained derivatives,False,0.0,0.381,intfloat/e5-base-v2,0.0208,True,,,,,0.3796,,,,,0.97,0.4583,e5,22,,,,,,,,0.9167,0.9167,DenseRAG,0.3333
,,0.7858,32,InfluenceProxy,0.4583,fail,e5 retrieval with retained derivatives,True,31.25,0.381,intfloat/e5-base-v2,0.0208,True,,,,,0.3796,,,,,0.97,0.4583,e5,22,,,,,,,,0.9167,0.9167,DenseRAG,0.3333
,,0.7858,32,ADCU,0.4583,fail,e5 retrieval with retained derivatives,True,31.25,0.381,intfloat/e5-base-v2,0.0208,True,,,,,0.3796,,,,,0.97,0.4583,e5,22,,,,,,,,0.9167,0.9167,DenseRAG,0.3333
,,0.7858,32,RetrieverHit,0.4583,fail,bge retrieval with retained derivatives,True,31.25,0.381,BAAI/bge-small-en-v1.5,0.0208,True,,,,,0.3802,,,,,0.97,0.4583,bge,22,,,,,,,,0.9167,1.0,DenseRAG,0.3333
,,0.7858,32,MembershipInference,0.4583,fail,bge retrieval with retained derivatives,True,31.25,0.381,BAAI/bge-small-en-v1.5,0.0208,True,,,,,0.3802,,,,,0.97,0.4583,bge,22,,,,,,,,0.9167,1.0,DenseRAG,0.3333
,,0.581,32,ExtractionAudit,0.4583,escalate,bge retrieval with retained derivatives,False,0.0,0.381,BAAI/bge-small-en-v1.5,0.0208,True,,,,,0.3802,,,,,0.97,0.4583,bge,22,,,,,,,,0.9167,1.0,DenseRAG,0.3333
,,0.7858,32,InfluenceProxy,0.4583,fail,bge retrieval with retained derivatives,True,31.25,0.381,BAAI/bge-small-en-v1.5,0.0208,True,,,,,0.3802,,,,,0.97,0.4583,bge,22,,,,,,,,0.9167,1.0,DenseRAG,0.3333
,,0.7858,32,ADCU,0.4583,fail,bge retrieval with retained derivatives,True,31.25,0.381,BAAI/bge-small-en-v1.5,0.0208,True,,,,,0.3802,,,,,0.97,0.4583,bge,22,,,,,,,,0.9167,1.0,DenseRAG,0.3333
,,0.7858,32,RetrieverHit,0.5,fail,cross retrieval with retained derivatives,True,31.25,0.1905,not_used,0.0417,True,,,,,0.5,,,,,0.97,0.5,cross,22,,,,,,,,0.0,0.0,DenseRAG,0.0
,,0.7858,32,MembershipInference,0.5,fail,cross retrieval with retained derivatives,True,31.25,0.1905,not_used,0.0417,True,,,,,0.5,,,,,0.97,0.5,cross,22,,,,,,,,0.0,0.0,DenseRAG,0.0
,,0.5416,32,ExtractionAudit,0.5,escalate,cross retrieval with retained derivatives,False,0.0,0.1905,not_used,0.0417,True,,,,,0.5,,,,,0.97,0.5,cross,22,,,,,,,,0.0,0.0,DenseRAG,0.0
,,0.7858,32,InfluenceProxy,0.5,fail,cross retrieval with retained derivatives,True,31.25,0.1905,not_used,0.0417,True,,,,,0.5,,,,,0.97,0.5,cross,22,,,,,,,,0.0,0.0,DenseRAG,0.0
,,0.7858,32,ADCU,0.5,fail,cross retrieval with retained derivatives,True,31.25,0.1905,not_used,0.0417,True,,,,,0.5,,,,,0.97,0.5,cross,22,,,,,,,,0.0,0.0,DenseRAG,0.0
,,0.7858,32,RetrieverHit,0.375,fail,lexical retrieval with retained derivatives,True,31.25,0.2976,not_used,0.0417,True,,,,,0.316,,,,,0.97,0.375,lexical,23,,,,,,,,0.75,0.75,DenseRAG,0.25
,,0.7858,32,MembershipInference,0.375,fail,lexical retrieval with retained derivatives,True,31.25,0.2976,not_used,0.0417,True,,,,,0.316,,,,,0.97,0.375,lexical,23,,,,,,,,0.75,0.75,DenseRAG,0.25
,,0.5595,32,ExtractionAudit,0.375,escalate,lexical retrieval with retained derivatives,False,0.0,0.2976,not_used,0.0417,True,,,,,0.316,,,,,0.97,0.375,lexical,23,,,,,,,,0.75,0.75,DenseRAG,0.25
,,0.7858,32,InfluenceProxy,0.375,fail,lexical retrieval with retained derivatives,True,31.25,0.2976,not_used,0.0417,True,,,,,0.316,,,,,0.97,0.375,lexical,23,,,,,,,,0.75,0.75,DenseRAG,0.25
,,0.7858,32,ADCU,0.375,fail,lexical retrieval with retained derivatives,True,31.25,0.2976,not_used,0.0417,True,,,,,0.316,,,,,0.97,0.375,lexical,23,,,,,,,,0.75,0.75,DenseRAG,0.25
,,0.7858,32,RetrieverHit,0.375,fail,dense retrieval with retained derivatives,True,31.25,0.2396,not_used,0.0417,True,,,,,0.2726,,,,,0.97,0.375,dense,23,,,,,,,,0.75,0.75,DenseRAG,0.125
,,0.7849,32,MembershipInference,0.375,fail,dense retrieval with retained derivatives,True,31.25,0.2396,not_used,0.0417,True,,,,,0.2726,,,,,0.97,0.375,dense,23,,,,,,,,0.75,0.75,DenseRAG,0.125
,,0.5371,32,ExtractionAudit,0.375,escalate,dense retrieval with retained derivatives,False,0.0,0.2396,not_used,0.0417,True,,,,,0.2726,,,,,0.97,0.375,dense,23,,,,,,,,0.75,0.75,DenseRAG,0.125
,,0.7858,32,InfluenceProxy,0.375,fail,dense retrieval with retained derivatives,True,31.25,0.2396,not_used,0.0417,True,,,,,0.2726,,,,,0.97,0.375,dense,23,,,,,,,,0.75,0.75,DenseRAG,0.125
,,0.7849,32,ADCU,0.375,fail,dense retrieval with retained derivatives,True,31.25,0.2396,not_used,0.0417,True,,,,,0.2726,,,,,0.97,0.375,dense,23,,,,,,,,0.75,0.75,DenseRAG,0.125
,,0.7858,32,RetrieverHit,0.5,fail,neural retrieval with retained derivatives,True,31.25,0.4226,sentence-transformers/all-MiniLM-L6-v2,0.0417,True,,,,,0.4115,,,,,0.97,0.5,neural,23,,,,,,,,1.0,1.0,DenseRAG,0.375
,,0.7858,32,MembershipInference,0.5,fail,neural retrieval with retained derivatives,True,31.25,0.4226,sentence-transformers/all-MiniLM-L6-v2,0.0417,True,,,,,0.4115,,,,,0.97,0.5,neural,23,,,,,,,,1.0,1.0,DenseRAG,0.375
,,0.581,32,ExtractionAudit,0.5,escalate,neural retrieval with retained derivatives,False,0.0,0.4226,sentence-transformers/all-MiniLM-L6-v2,0.0417,True,,,,,0.4115,,,,,0.97,0.5,neural,23,,,,,,,,1.0,1.0,DenseRAG,0.375
,,0.7858,32,InfluenceProxy,0.5,fail,neural retrieval with retained derivatives,True,31.25,0.4226,sentence-transformers/all-MiniLM-L6-v2,0.0417,True,,,,,0.4115,,,,,0.97,0.5,neural,23,,,,,,,,1.0,1.0,DenseRAG,0.375
,,0.7858,32,ADCU,0.5,fail,neural retrieval with retained derivatives,True,31.25,0.4226,sentence-transformers/all-MiniLM-L6-v2,0.0417,True,,,,,0.4115,,,,,0.97,0.5,neural,23,,,,,,,,1.0,1.0,DenseRAG,0.375
,,0.7858,32,RetrieverHit,0.4792,fail,e5 retrieval with retained derivatives,True,31.25,0.4018,intfloat/e5-base-v2,0.0417,True,,,,,0.3953,,,,,0.97,0.4792,e5,23,,,,,,,,0.9583,1.0,DenseRAG,0.3542
,,0.7858,32,MembershipInference,0.4792,fail,e5 retrieval with retained derivatives,True,31.25,0.4018,intfloat/e5-base-v2,0.0417,True,,,,,0.3953,,,,,0.97,0.4792,e5,23,,,,,,,,0.9583,1.0,DenseRAG,0.3542
,,0.581,32,ExtractionAudit,0.4792,escalate,e5 retrieval with retained derivatives,False,0.0,0.4018,intfloat/e5-base-v2,0.0417,True,,,,,0.3953,,,,,0.97,0.4792,e5,23,,,,,,,,0.9583,1.0,DenseRAG,0.3542
,,0.7858,32,InfluenceProxy,0.4792,fail,e5 retrieval with retained derivatives,True,31.25,0.4018,intfloat/e5-base-v2,0.0417,True,,,,,0.3953,,,,,0.97,0.4792,e5,23,,,,,,,,0.9583,1.0,DenseRAG,0.3542
,,0.7858,32,ADCU,0.4792,fail,e5 retrieval with retained derivatives,True,31.25,0.4018,intfloat/e5-base-v2,0.0417,True,,,,,0.3953,,,,,0.97,0.4792,e5,23,,,,,,,,0.9583,1.0,DenseRAG,0.3542
,,0.7858,32,RetrieverHit,0.5,fail,bge retrieval with retained derivatives,True,31.25,0.4226,BAAI/bge-small-en-v1.5,0.0417,True,,,,,0.4115,,,,,0.97,0.5,bge,23,,,,,,,,1.0,1.0,DenseRAG,0.375
,,0.7858,32,MembershipInference,0.5,fail,bge retrieval with retained derivatives,True,31.25,0.4226,BAAI/bge-small-en-v1.5,0.0417,True,,,,,0.4115,,,,,0.97,0.5,bge,23,,,,,,,,1.0,1.0,DenseRAG,0.375
,,0.581,32,ExtractionAudit,0.5,escalate,bge retrieval with retained derivatives,False,0.0,0.4226,BAAI/bge-small-en-v1.5,0.0417,True,,,,,0.4115,,,,,0.97,0.5,bge,23,,,,,,,,1.0,1.0,DenseRAG,0.375
,,0.7858,32,InfluenceProxy,0.5,fail,bge retrieval with retained derivatives,True,31.25,0.4226,BAAI/bge-small-en-v1.5,0.0417,True,,,,,0.4115,,,,,0.97,0.5,bge,23,,,,,,,,1.0,1.0,DenseRAG,0.375
,,0.7858,32,ADCU,0.5,fail,bge retrieval with retained derivatives,True,31.25,0.4226,BAAI/bge-small-en-v1.5,0.0417,True,,,,,0.4115,,,,,0.97,0.5,bge,23,,,,,,,,1.0,1.0,DenseRAG,0.375
,,0.7858,32,RetrieverHit,0.5,fail,cross retrieval with retained derivatives,True,31.25,0.1905,not_used,0.0417,True,,,,,0.5,,,,,0.97,0.5,cross,23,,,,,,,,0.0,0.0,DenseRAG,0.0
,,0.7858,32,MembershipInference,0.5,fail,cross retrieval with retained derivatives,True,31.25,0.1905,not_used,0.0417,True,,,,,0.5,,,,,0.97,0.5,cross,23,,,,,,,,0.0,0.0,DenseRAG,0.0
,,0.5416,32,ExtractionAudit,0.5,escalate,cross retrieval with retained derivatives,False,0.0,0.1905,not_used,0.0417,True,,,,,0.5,,,,,0.97,0.5,cross,23,,,,,,,,0.0,0.0,DenseRAG,0.0
,,0.7858,32,InfluenceProxy,0.5,fail,cross retrieval with retained derivatives,True,31.25,0.1905,not_used,0.0417,True,,,,,0.5,,,,,0.97,0.5,cross,23,,,,,,,,0.0,0.0,DenseRAG,0.0
,,0.7858,32,ADCU,0.5,fail,cross retrieval with retained derivatives,True,31.25,0.1905,not_used,0.0417,True,,,,,0.5,,,,,0.97,0.5,cross,23,,,,,,,,0.0,0.0,DenseRAG,0.0
